"Type","MD","FY","FH","Gallons","Cost"
"Bomber","B-1",1996,26914,88594449,72753781
"Bomber","B-1",1997,25219,85484074,71297263
"Bomber","B-1",1998,24205,85259038,84026805
"Bomber","B-1",1999,23306,79323816,71848336
"Bomber","B-1",2000,25013,86230284,58439777
"Bomber","B-1",2001,25059,86892432,94946077
"Bomber","B-1",2002,26581,89198262,96458536
"Bomber","B-1",2003,21491,74485788,68650070
"Bomber","B-1",2004,28118,101397707,101895634
"Bomber","B-1",2005,21859,78410415,124816690
"Bomber","B-1",2006,20163,69984142,174627869
"Bomber","B-1",2007,24629,85112485,204486404
"Bomber","B-1",2008,23024,78084791,266109848
"Bomber","B-1",2009,23065,81030579,185902082
"Bomber","B-1",2010,23398,81253214,237413270
"Bomber","B-1",2011,24166,82471246,299215343
"Bomber","B-1",2012,29292,101238385,374028795
"Bomber","B-1",2013,25253,85970844,346054359
"Bomber","B-1",2014,22204,73145048,289357667
"Bomber","B-2",1996,2364,3098498,5863355
"Bomber","B-2",1997,2776,4323992,6866121
"Bomber","B-2",1998,2166,4352750,7891851
"Bomber","B-2",1999,3672,7325932,9801821
"Bomber","B-2",2000,4543,10192466,9618219
"Bomber","B-2",2001,4754,9693145,13949654
"Bomber","B-2",2002,5969,11753559,15938278
"Bomber","B-2",2003,6801,13877997,15401463
"Bomber","B-2",2004,5677,11237771,14158041
"Bomber","B-2",2005,5228,10770041,21637940
"Bomber","B-2",2006,6100,12843899,36500436
"Bomber","B-2",2007,6266,12683783,35775133
"Bomber","B-2",2008,4074,8472438,36623261
"Bomber","B-2",2009,4567,9299978,27095024
"Bomber","B-2",2010,4638,9269549,33674977
"Bomber","B-2",2011,4873,9553217,43326111
"Bomber","B-2",2012,4955,9370581,43322482
"Bomber","B-2",2013,4076,7925422,41433404
"Bomber","B-2",2014,5070,9638853,46326775
"Bomber","B-52",1996,28511,99014843,71051283
"Bomber","B-52",1997,26034,88483438,63767578
"Bomber","B-52",1998,25639,85983307,72563957
"Bomber","B-52",1999,24500,82023136,63267336
"Bomber","B-52",2000,24387,80046278,46983727
"Bomber","B-52",2001,24813,81077269,74897262
"Bomber","B-52",2002,36687,117879809,112111826
"Bomber","B-52",2003,30230,108126138,86410724
"Bomber","B-52",2004,25493,86288229,72806150
"Bomber","B-52",2005,27838,99083069,139059663
"Bomber","B-52",2006,28206,100297373,201736741
"Bomber","B-52",2007,22484,80940424,161218235
"Bomber","B-52",2008,20284,71592012,196858812
"Bomber","B-52",2009,18765,66665854,123246431
"Bomber","B-52",2010,18250,65486545,152292780
"Bomber","B-52",2011,21727,74623498,221528055
"Bomber","B-52",2012,21748,73356234,222391448
"Bomber","B-52",2013,19309,64933573,209017819
"Bomber","B-52",2014,21297,70891306,224248841
"Fighter/Attack","A-10",1996,111318,87918003,63803695
"Fighter/Attack","A-10",1997,112553,86010845,63065899
"Fighter/Attack","A-10",1998,112047,85411108,73325089
"Fighter/Attack","A-10",1999,110486,84459693,66642620
"Fighter/Attack","A-10",2000,99145,81717551,49514389
"Fighter/Attack","A-10",2001,100664,81258607,76683502
"Fighter/Attack","A-10",2002,101671,78530875,73264554
"Fighter/Attack","A-10",2003,110421,81034663,64303726
"Fighter/Attack","A-10",2004,106209,82448487,71137428
"Fighter/Attack","A-10",2005,100438,78465192,106596891
"Fighter/Attack","A-10",2006,99903,78119870,157197496
"Fighter/Attack","A-10",2007,96199,74537641,148911522
"Fighter/Attack","A-10",2008,83604,67236115,186617555
"Fighter/Attack","A-10",2009,80946,63482870,115437039
"Fighter/Attack","A-10",2010,85717,64394753,161932965
"Fighter/Attack","A-10",2011,91880,64509681,194838257
"Fighter/Attack","A-10",2012,89246,65433368,198748914
"Fighter/Attack","A-10",2013,82183,62887716,204285556
"Fighter/Attack","A-10",2014,71521,57785806,179662486
"Fighter/Attack","F-15",1996,176592,336754683,263045619
"Fighter/Attack","F-15",1997,168826,331702685,263003414
"Fighter/Attack","F-15",1998,165347,324187965,300546839
"Fighter/Attack","F-15",1999,166068,329010424,279429582
"Fighter/Attack","F-15",2000,156513,318117103,206354766
"Fighter/Attack","F-15",2001,160742,326933565,333593443
"Fighter/Attack","F-15",2002,170896,329215305,332741029
"Fighter/Attack","F-15",2003,170986,343251052,293898554
"Fighter/Attack","F-15",2004,167431,344941046,319298305
"Fighter/Attack","F-15",2005,145709,313334406,458990010
"Fighter/Attack","F-15",2006,145200,316595219,697851294
"Fighter/Attack","F-15",2007,136354,295951083,652948793
"Fighter/Attack","F-15",2008,106235,246035631,776783488
"Fighter/Attack","F-15",2009,121681,269422212,569112268
"Fighter/Attack","F-15",2010,102037,234615348,627143388
"Fighter/Attack","F-15",2011,83535,196432916,647516633
"Fighter/Attack","F-15",2012,72730,183919113,626374268
"Fighter/Attack","F-15",2013,56389,157185563,570929767
"Fighter/Attack","F-15",2014,69113,174614255,616903455
"Fighter/Attack","F-16",1996,349760,298343661,254136077
"Fighter/Attack","F-16",1997,342934,293149971,253742833
"Fighter/Attack","F-16",1998,337443,295240571,299998271
"Fighter/Attack","F-16",1999,329021,284292605,265723898
"Fighter/Attack","F-16",2000,320188,285833835,203415406
"Fighter/Attack","F-16",2001,315138,278346320,315456787
"Fighter/Attack","F-16",2002,342103,288957235,321386890
"Fighter/Attack","F-16",2003,325780,285316362,269568216
"Fighter/Attack","F-16",2004,317900,280208988,286146881
"Fighter/Attack","F-16",2005,299076,263716604,433631797
"Fighter/Attack","F-16",2006,303206,268970596,663812016
"Fighter/Attack","F-16",2007,279785,248823485,615153138
"Fighter/Attack","F-16",2008,263108,229183594,803944262
"Fighter/Attack","F-16",2009,236293,206604482,503804201
"Fighter/Attack","F-16",2010,223286,192831989,594816604
"Fighter/Attack","F-16",2011,209773,177783234,690420488
"Fighter/Attack","F-16",2012,184647,154819946,631693205
"Fighter/Attack","F-16",2013,166828,145990647,669633287
"Fighter/Attack","F-16",2014,172708,148027256,636086744
"Fighter/Attack","F-22",1999,7326,-6944062,4946634
"Fighter/Attack","F-22",2000,7326,-6701756,4998672
"Fighter/Attack","F-22",2001,7326,-6359780,5623193
"Fighter/Attack","F-22",2002,7326,-5510074,6459342
"Fighter/Attack","F-22",2003,7445,-3417544,7910748
"Fighter/Attack","F-22",2004,9117,-416997,10923698
"Fighter/Attack","F-22",2005,10758,759181,17023664
"Fighter/Attack","F-22",2006,16198,11804567,47824596
"Fighter/Attack","F-22",2007,21154,21100510,67758734
"Fighter/Attack","F-22",2008,25505,27843262,115705236
"Fighter/Attack","F-22",2009,28479,34624114,91434274
"Fighter/Attack","F-22",2010,32172,40600737,133517182
"Fighter/Attack","F-22",2011,22718,23313704,99318279
"Fighter/Attack","F-22",2012,33761,45586527,188673361
"Fighter/Attack","F-22",2013,33428,45086372,200438552
"Fighter/Attack","F-22",2014,37387,48791099,207870028
"Fighter/Attack","F-35",2011,-510,1804588,656775
"Fighter/Attack","F-35",2012,-292,2124225,1603946
"Fighter/Attack","F-35",2013,995,3967695,8724871
"Fighter/Attack","F-35",2014,3295,6685258,18283508
"Helicopter","HH-60",1996,24259,3599607,2698724
"Helicopter","HH-60",1997,22769,3121532,2360524
"Helicopter","HH-60",1998,23837,3178472,2861413
"Helicopter","HH-60",1999,24490,3302465,2756626
"Helicopter","HH-60",2000,26169,3637456,2358862
"Helicopter","HH-60",2001,26772,3868225,3843754
"Helicopter","HH-60",2002,26493,3241222,3183783
"Helicopter","HH-60",2003,25043,3172102,2646789
"Helicopter","HH-60",2004,27083,3580131,3292361
"Helicopter","HH-60",2005,27246,3624472,5429207
"Helicopter","HH-60",2006,26280,3316647,7286524
"Helicopter","HH-60",2007,25237,2955605,6408211
"Helicopter","HH-60",2008,24455,2944651,9104663
"Helicopter","HH-60",2009,25361,2943858,6046913
"Helicopter","HH-60",2010,29378,3253294,8578667
"Helicopter","HH-60",2011,26815,3098763,10134570
"Helicopter","HH-60",2012,24899,3094019,10316284
"Helicopter","HH-60",2013,23824,3106959,11190788
"Helicopter","HH-60",2014,24204,3208920,11257751
"Helicopter","UH-1",1996,18448,1421185,1358664
"Helicopter","UH-1",1997,19073,1445860,1414002
"Helicopter","UH-1",1998,19467,1570387,1760626
"Helicopter","UH-1",1999,19862,1669752,1725884
"Helicopter","UH-1",2000,19511,1587368,1314418
"Helicopter","UH-1",2001,20392,1688834,2077599
"Helicopter","UH-1",2002,19735,1506409,1825869
"Helicopter","UH-1",2003,19780,1648727,1704147
"Helicopter","UH-1",2004,21350,1759163,1950536
"Helicopter","UH-1",2005,26957,2092940,3618398
"Helicopter","UH-1",2006,26494,2144070,5470908
"Helicopter","UH-1",2007,27365,2238444,5683885
"Helicopter","UH-1",2008,27344,2256535,8084920
"Helicopter","UH-1",2009,24932,2065343,5032732
"Helicopter","UH-1",2010,23265,2000305,6160331
"Helicopter","UH-1",2011,23014,1918334,7371264
"Helicopter","UH-1",2012,22680,1860412,7299014
"Helicopter","UH-1",2013,17592,1355537,5848796
"Helicopter","UH-1",2014,19238,1529327,6308191
"Reconnaissance","E-3",1996,23236,52481340,42452650
"Reconnaissance","E-3",1997,20931,47265672,38795072
"Reconnaissance","E-3",1998,19366,44700999,43036234
"Reconnaissance","E-3",1999,18555,41471880,36258168
"Reconnaissance","E-3",2000,17957,41941077,28916517
"Reconnaissance","E-3",2001,19555,45053594,47732233
"Reconnaissance","E-3",2002,27610,61822951,64149348
"Reconnaissance","E-3",2003,22535,53317262,47181699
"Reconnaissance","E-3",2004,17787,41893896,40407757
"Reconnaissance","E-3",2005,15864,37659860,57827092
"Reconnaissance","E-3",2006,16361,39072871,89193251
"Reconnaissance","E-3",2007,17620,42832319,97452358
"Reconnaissance","E-3",2008,18374,43140581,138162362
"Reconnaissance","E-3",2009,18127,42599798,93092355
"Reconnaissance","E-3",2010,16244,38172013,104059336
"Reconnaissance","E-3",2011,20985,47623424,161326723
"Reconnaissance","E-3",2012,21614,49138875,172052561
"Reconnaissance","E-3",2013,16358,37906043,142208479
"Reconnaissance","E-3",2014,19035,42555138,154570115
"Reconnaissance","E-8",1996,3587,4858411,1908794
"Reconnaissance","E-8",1997,4676,7055968,3602941
"Reconnaissance","E-8",1998,5232,8614568,5360154
"Reconnaissance","E-8",1999,6575,11007395,7039393
"Reconnaissance","E-8",2000,7093,12163296,6438925
"Reconnaissance","E-8",2001,8845,16139760,13277778
"Reconnaissance","E-8",2002,11092,20744866,17896303
"Reconnaissance","E-8",2003,12045,23283418,17427035
"Reconnaissance","E-8",2004,12403,24894455,20548674
"Reconnaissance","E-8",2005,14085,27382554,35438960
"Reconnaissance","E-8",2006,15322,32116759,62684747
"Reconnaissance","E-8",2007,16788,34358871,67562837
"Reconnaissance","E-8",2008,16316,33153034,91359266
"Reconnaissance","E-8",2009,17850,34945978,66975425
"Reconnaissance","E-8",2010,16582,32362401,76556796
"Reconnaissance","E-8",2011,17526,33618788,99547972
"Reconnaissance","E-8",2012,17218,33251955,101541551
"Reconnaissance","E-8",2013,15022,29301487,93802436
"Reconnaissance","E-8",2014,13958,25252495,76269033
"Reconnaissance","MC-12",2009,-12296,74192,845236
"Reconnaissance","MC-12",2010,22901,3215443,11399257
"Reconnaissance","MC-12",2011,67128,7076383,33381875
"Reconnaissance","MC-12",2012,88008,10112942,50538195
"Reconnaissance","MC-12",2013,68639,9443583,51594391
"Reconnaissance","MC-12",2014,-14455,8306541,40563214
"Reconnaissance","OC-135",1996,862,1557222,1094465
"Reconnaissance","OC-135",1997,1015,1819137,1326795
"Reconnaissance","OC-135",1998,796,1463606,1225995
"Reconnaissance","OC-135",1999,877,1444260,1102928
"Reconnaissance","OC-135",2000,974,1753151,1051984
"Reconnaissance","OC-135",2001,797,1618354,1494555
"Reconnaissance","OC-135",2002,775,1482083,1336190
"Reconnaissance","OC-135",2003,958,1650301,1279919
"Reconnaissance","OC-135",2004,580,1171450,949957
"Reconnaissance","OC-135",2005,1103,1788415,2438584
"Reconnaissance","OC-135",2006,1094,1933759,3942376
"Reconnaissance","OC-135",2007,972,1624893,3248256
"Reconnaissance","OC-135",2008,765,1227088,3261941
"Reconnaissance","OC-135",2009,602,999771,1615231
"Reconnaissance","OC-135",2010,725,1167698,2634509
"Reconnaissance","OC-135",2011,657,997319,2638360
"Reconnaissance","OC-135",2012,686,1084414,3124908
"Reconnaissance","OC-135",2013,785,1183300,3675853
"Reconnaissance","OC-135",2014,784,1243419,3807471
"Reconnaissance","RC-135",1996,13365,27177295,21573980
"Reconnaissance","RC-135",1997,12165,24093193,19444757
"Reconnaissance","RC-135",1998,11334,23373147,21920431
"Reconnaissance","RC-135",1999,11045,23135525,20060164
"Reconnaissance","RC-135",2000,9911,22395418,15384850
"Reconnaissance","RC-135",2001,10831,23024674,23444270
"Reconnaissance","RC-135",2002,11937,24155906,24389524
"Reconnaissance","RC-135",2003,11757,23876523,20914043
"Reconnaissance","RC-135",2004,12423,24567879,23887919
"Reconnaissance","RC-135",2005,14394,27778570,41353704
"Reconnaissance","RC-135",2006,13336,26683154,57004751
"Reconnaissance","RC-135",2007,15492,30043113,64041325
"Reconnaissance","RC-135",2008,16855,31527061,94745863
"Reconnaissance","RC-135",2009,16794,30973588,63399181
"Reconnaissance","RC-135",2010,17146,31462027,81053078
"Reconnaissance","RC-135",2011,17847,31931365,101990982
"Reconnaissance","RC-135",2012,16685,30022503,98832442
"Reconnaissance","RC-135",2013,16925,30935055,109466202
"Reconnaissance","RC-135",2014,16072,29359050,100478129
"Reconnaissance","RC-26",2006,5554,190131,738622
"Reconnaissance","RC-26",2007,6676,270145,889050
"Reconnaissance","RC-26",2008,10334,161989,870882
"Reconnaissance","RC-26",2009,12129,313009,846698
"Reconnaissance","RC-26",2010,13440,364696,1311599
"Reconnaissance","RC-26",2011,13531,357343,1583517
"Reconnaissance","RC-26",2012,13163,370457,1656118
"Reconnaissance","RC-26",2013,9470,315599,1600843
"Reconnaissance","RC-26",2014,5991,353113,1702633
"Reconnaissance","U-2",1996,7841,559644,231731
"Reconnaissance","U-2",1997,11314,906894,506059
"Reconnaissance","U-2",1998,11097,644121,309470
"Reconnaissance","U-2",1999,11000,630681,292131
"Reconnaissance","U-2",2000,10468,559644,231731
"Reconnaissance","U-2",2001,9975,560052,232249
"Reconnaissance","U-2",2002,14254,562125,234212
"Reconnaissance","U-2",2003,13118,3738758,7869873
"Reconnaissance","U-2",2004,12722,3617572,5402114
"Reconnaissance","U-2",2005,12253,3625915,12178851
"Reconnaissance","U-2",2006,14313,4037278,13789418
"Reconnaissance","U-2",2007,14673,4080030,13962993
"Reconnaissance","U-2",2008,15056,4098642,15980476
"Reconnaissance","U-2",2009,15391,4174375,23546345
"Reconnaissance","U-2",2010,15076,4069367,22877739
"Reconnaissance","U-2",2011,15911,4230140,23916256
"Reconnaissance","U-2",2012,16065,4203491,23734110
"Reconnaissance","U-2",2013,16041,4239842,23968344
"Reconnaissance","U-2",2014,15897,4185711,23615513
"Special Duty","AC-130",1996,7615,-1261249,449768
"Special Duty","AC-130",1997,8692,4911622,5336764
"Special Duty","AC-130",1998,9346,5907190,7187683
"Special Duty","AC-130",1999,9330,6735010,7447170
"Special Duty","AC-130",2000,9786,6798459,5600954
"Special Duty","AC-130",2001,9221,6685496,8585718
"Special Duty","AC-130",2002,13870,7558480,9465539
"Special Duty","AC-130",2003,10002,5381841,6296874
"Special Duty","AC-130",2004,12232,8956367,10317366
"Special Duty","AC-130",2005,12664,9542368,16942096
"Special Duty","AC-130",2006,13999,11545343,29108040
"Special Duty","AC-130",2007,14446,11179730,28393752
"Special Duty","AC-130",2008,13458,10177734,36541871
"Special Duty","AC-130",2009,12855,9407000,23779538
"Special Duty","AC-130",2010,13606,9713717,30875653
"Special Duty","AC-130",2011,13874,8018941,32365557
"Special Duty","AC-130",2012,17541,8869346,35488205
"Special Duty","AC-130",2013,16622,9183130,39879318
"Special Duty","AC-130",2014,15832,10781126,44186246
"Special Duty","E-4",1996,1529,5878569,5152113
"Special Duty","E-4",1997,1352,5111360,4562651
"Special Duty","E-4",1998,1455,5449973,5752751
"Special Duty","E-4",1999,1365,5600676,5427595
"Special Duty","E-4",2000,1465,6369694,4535894
"Special Duty","E-4",2001,1863,8151496,9086790
"Special Duty","E-4",2002,1627,6796230,7589776
"Special Duty","E-4",2003,1552,6652027,6258632
"Special Duty","E-4",2004,1697,7835108,7996494
"Special Duty","E-4",2005,1634,7479669,12418911
"Special Duty","E-4",2006,1864,8521311,21295482
"Special Duty","E-4",2007,1811,9062447,21957067
"Special Duty","E-4",2008,1933,8756667,30345051
"Special Duty","E-4",2009,1591,7383735,18460320
"Special Duty","E-4",2010,1736,8344125,24913263
"Special Duty","E-4",2011,1530,7693274,28606179
"Special Duty","E-4",2012,1691,8462805,32357303
"Special Duty","E-4",2013,1670,7839719,32381006
"Special Duty","E-4",2014,1673,7356588,29504366
"Special Duty","EC-130",1996,17183,11037634,9267811
"Special Duty","EC-130",1997,15457,9737748,8384599
"Special Duty","EC-130",1998,14012,8862355,8967703
"Special Duty","EC-130",1999,16242,11024451,10055157
"Special Duty","EC-130",2000,14991,9985057,7134138
"Special Duty","EC-130",2001,15115,10022534,11057120
"Special Duty","EC-130",2002,15406,10292963,11297596
"Special Duty","EC-130",2003,12426,8091218,8333297
"Special Duty","EC-130",2004,9877,6181042,6744946
"Special Duty","EC-130",2005,13347,8578889,14113399
"Special Duty","EC-130",2006,14463,9401358,22151258
"Special Duty","EC-130",2007,15625,10108998,23587258
"Special Duty","EC-130",2008,15464,9976293,32523727
"Special Duty","EC-130",2009,15741,9805546,22025254
"Special Duty","EC-130",2010,14053,8990668,25210606
"Special Duty","EC-130",2011,15118,9294044,32781489
"Special Duty","EC-130",2012,12257,7434569,27101453
"Special Duty","EC-130",2013,11564,7027001,27450577
"Special Duty","EC-130",2014,9785,5789998,22156263
"Special Duty","MC-130",1996,17021,3414453,3378715
"Special Duty","MC-130",1997,24472,20529500,17243442
"Special Duty","MC-130",1998,24381,20070480,19598870
"Special Duty","MC-130",1999,23559,19613345,17878448
"Special Duty","MC-130",2000,23621,20506509,14499090
"Special Duty","MC-130",2001,24313,20861463,22979516
"Special Duty","MC-130",2002,30938,22181504,24724416
"Special Duty","MC-130",2003,24347,20523472,18958023
"Special Duty","MC-130",2004,22517,20017996,20162119
"Special Duty","MC-130",2005,21548,19233773,31164025
"Special Duty","MC-130",2006,20767,18251360,44445140
"Special Duty","MC-130",2007,19833,17158015,41579302
"Special Duty","MC-130",2008,20848,18312043,62494832
"Special Duty","MC-130",2009,21692,19217936,45021179
"Special Duty","MC-130",2010,22863,19909449,57549439
"Special Duty","MC-130",2011,27860,22242344,80067052
"Special Duty","MC-130",2012,22662,19835644,74226945
"Special Duty","MC-130",2013,21121,18443073,74850852
"Special Duty","MC-130",2014,22041,18134968,71676579
"Special Duty","WC-130",1996,2300,2363160,2610545
"Special Duty","WC-130",1997,2013,1462829,1966292
"Special Duty","WC-130",1998,3152,1600991,2309772
"Special Duty","WC-130",1999,2937,1984101,2522893
"Special Duty","WC-130",2000,3582,2535972,2386368
"Special Duty","WC-130",2001,3493,2666766,3528329
"Special Duty","WC-130",2002,4300,2947405,3866398
"Special Duty","WC-130",2003,4731,3395085,3650981
"Special Duty","WC-130",2004,5810,3998877,4548059
"Special Duty","WC-130",2005,5031,3229844,6126629
"Special Duty","WC-130",2006,4392,2890837,8105593
"Special Duty","WC-130",2007,4167,2822649,7936454
"Special Duty","WC-130",2008,4736,3162938,12913667
"Special Duty","WC-130",2009,4472,3003474,8056143
"Special Duty","WC-130",2010,5045,3421307,11250725
"Special Duty","WC-130",2011,5013,3277359,13635757
"Special Duty","WC-130",2012,4177,2760044,11960001
"Special Duty","WC-130",2013,3261,2182523,10660061
"Special Duty","WC-130",2014,3316,2139941,10239057
"Special Duty","WC-135",1996,655,1256833,1036860
"Special Duty","WC-135",1997,422,945040,809882
"Special Duty","WC-135",1998,388,1019144,1019714
"Special Duty","WC-135",1999,313,1291075,1166860
"Special Duty","WC-135",2000,785,1986243,1318166
"Special Duty","WC-135",2001,785,1887130,1996447
"Special Duty","WC-135",2002,714,1788328,1882801
"Special Duty","WC-135",2003,550,1390927,1256023
"Special Duty","WC-135",2004,504,1268911,1244380
"Special Duty","WC-135",2005,540,1316180,2074102
"Special Duty","WC-135",2006,218,648181,1574411
"Special Duty","WC-135",2007,354,878332,2106178
"Special Duty","WC-135",2008,301,999372,3517149
"Special Duty","WC-135",2009,368,1050329,2379328
"Special Duty","WC-135",2010,478,1075481,3085402
"Special Duty","WC-135",2011,118,663054,2390831
"Special Duty","WC-135",2012,256,701681,2635419
"Special Duty","WC-135",2013,203,638541,2621621
"Special Duty","WC-135",2014,202,736662,2896089
"Trainer","AT-38",1996,12517,6681614,5641569
"Trainer","AT-38",1997,11656,7707001,6506680
"Trainer","AT-38",1998,12619,9749881,9526089
"Trainer","AT-38",1999,13132,10534024,9343636
"Trainer","AT-38",2000,14400,10769237,7242603
"Trainer","AT-38",2001,12674,9680191,10533477
"Trainer","AT-38",2002,1143,4107850,4813961
"Trainer","AT-38",2003,-1561,2793119,2953701
"Trainer","AT-38",2004,-1972,2579471,2995067
"Trainer","AT-38",2005,-1713,2727529,4996524
"Trainer","AT-38",2006,-5415,998999,3511672
"Trainer","AT-38",2007,-7592,-133037,1065807
"Trainer","AT-38",2008,-7523,-107150,1531917
"Trainer","AT-38",2009,-7597,-126069,1099634
"Trainer","AT-38",2010,-7590,-125501,1280208
"Trainer","AT-38",2011,-7929,-279545,1009952
"Trainer","AT-38",2012,-8119,-373147,733873
"Trainer","AT-38",2013,-7538,-133139,1701586
"Trainer","AT-38",2014,-7540,-141920,1616098
"Trainer","T-1",1996,51911,10622083,8972421
"Trainer","T-1",1997,62181,12943000,10921983
"Trainer","T-1",1998,82505,16038520,15435659
"Trainer","T-1",1999,102724,19627455,17498208
"Trainer","T-1",2000,106139,21170856,14829221
"Trainer","T-1",2001,101048,20024295,21076859
"Trainer","T-1",2002,106128,19234571,19982307
"Trainer","T-1",2003,103917,21329806,18969620
"Trainer","T-1",2004,107335,21637000,21017545
"Trainer","T-1",2005,106155,20922776,31438263
"Trainer","T-1",2006,104333,20543610,45556721
"Trainer","T-1",2007,102744,20675291,45720685
"Trainer","T-1",2008,92628,18836016,57938764
"Trainer","T-1",2009,91405,18549164,38740917
"Trainer","T-1",2010,91755,18609247,49256847
"Trainer","T-1",2011,91236,18279467,60211278
"Trainer","T-1",2012,89004,17784627,59260735
"Trainer","T-1",2013,85306,17099273,62239040
"Trainer","T-1",2014,89500,17837697,62751932
"Trainer","T-38",1996,123836,48839405,37114117
"Trainer","T-38",1997,125513,47411082,36436406
"Trainer","T-38",1998,130929,52967973,47480689
"Trainer","T-38",1999,130999,56511827,46569721
"Trainer","T-38",2000,132206,54704851,35092698
"Trainer","T-38",2001,135836,55814104,55504754
"Trainer","T-38",2002,147184,58982222,57882364
"Trainer","T-38",2003,147928,62154004,51990787
"Trainer","T-38",2004,143930,60052753,54451683
"Trainer","T-38",2005,128730,53493546,76002561
"Trainer","T-38",2006,132891,55467526,116870772
"Trainer","T-38",2007,126599,53238676,111456416
"Trainer","T-38",2008,112951,47320233,137067554
"Trainer","T-38",2009,103512,43768054,87096612
"Trainer","T-38",2010,110931,46862680,117116597
"Trainer","T-38",2011,113097,47720717,148984010
"Trainer","T-38",2012,116025,48992457,156022759
"Trainer","T-38",2013,108267,46138151,158058171
"Trainer","T-38",2014,109094,46383309,154223793
"Trainer","T-41",1996,646,-4063,1076
"Trainer","T-41",1997,597,-1905,4313
"Trainer","T-41",1998,809,-1811,4454
"Trainer","T-41",1999,730,-1547,4810
"Trainer","T-41",2000,898,13897,17247
"Trainer","T-41",2001,874,-1934,4185
"Trainer","T-41",2002,831,-3442,2081
"Trainer","T-41",2003,738,-3363,2234
"Trainer","T-41",2004,580,-3662,1747
"Trainer","T-41",2005,955,2582,13887
"Trainer","T-41",2006,975,6317,28432
"Trainer","T-41",2007,1175,8510,36053
"Trainer","T-41",2008,1175,8219,46528
"Trainer","T-41",2009,1175,8311,37724
"Trainer","T-41",2010,625,2554,22017
"Trainer","T-41",2011,697,3358,35871
"Trainer","T-41",2012,1038,6600,40733
"Trainer","T-41",2013,1098,7052,49746
"Trainer","T-41",2014,1241,8143,56904
"Trainer","T-51",1998,-514,3307,3246
"Trainer","T-51",1999,-514,2925,2673
"Trainer","T-51",2000,-514,4606,5146
"Trainer","T-51",2001,-514,4175,4563
"Trainer","T-51",2002,-514,2016,1387
"Trainer","T-51",2005,-237,1521,567
"Trainer","T-51",2006,596,1521,567
"Trainer","T-51",2007,728,1521,567
"Trainer","T-51",2008,721,9710,36442
"Trainer","T-51",2009,553,11109,25866
"Trainer","T-51",2010,686,11110,31153
"Trainer","T-51",2011,672,11026,44270
"Trainer","T-51",2012,570,9703,37578
"Trainer","T-51",2013,611,10230,43911
"Trainer","T-51",2014,688,3356,13798
"Trainer","T-53",2011,-440,2527,9126
"Trainer","T-53",2012,5132,55919,213688
"Trainer","T-53",2013,7283,83981,352601
"Trainer","T-53",2014,6126,68964,287580
"Trainer","T-6",2000,-62827,2412205,1642965
"Trainer","T-6",2001,-55844,2847439,2121494
"Trainer","T-6",2002,-36830,4410228,3681372
"Trainer","T-6",2003,-17315,5340061,4148983
"Trainer","T-6",2004,1579,6568534,5524515
"Trainer","T-6",2005,21115,7857970,9949703
"Trainer","T-6",2006,45064,9408011,17649737
"Trainer","T-6",2007,61446,10518164,19991872
"Trainer","T-6",2008,77886,11600973,31386557
"Trainer","T-6",2009,96174,12858337,23757920
"Trainer","T-6",2010,118329,14297982,34091224
"Trainer","T-6",2011,127958,14939310,44504392
"Trainer","T-6",2012,113879,13921997,42249305
"Trainer","T-6",2013,104078,13370066,43208316
"Trainer","T-6",2014,105021,13551773,42648449
"Trainer","TC-130",2002,26,70157,102572
"Trainer","TC-130",2003,221,209619,204962
"Trainer","TC-130",2004,412,351052,351715
"Trainer","TC-130",2005,440,351974,555380
"Trainer","TC-130",2006,481,369925,864221
"Trainer","TC-130",2007,277,252725,632004
"Trainer","TC-130",2008,-118,-22314,35785
"Trainer","TC-130",2009,336,297713,738175
"Trainer","TC-130",2010,441,382312,1103846
"Trainer","TC-130",2011,293,269617,1042902
"Trainer","TC-130",2012,377,312403,1165453
"Trainer","TC-130",2013,366,325294,1330190
"Trainer","TC-130",2014,204,209821,873346
"Trainer","TC-135",1996,1647,2398375,2068408
"Trainer","TC-135",1997,1901,2899735,2480589
"Trainer","TC-135",1998,2036,3191886,3140850
"Trainer","TC-135",1999,1315,1764393,1707867
"Trainer","TC-135",2000,1137,1567602,1246416
"Trainer","TC-135",2001,1107,1459536,1698410
"Trainer","TC-135",2002,1063,1441296,1671110
"Trainer","TC-135",2003,2086,3098957,2843693
"Trainer","TC-135",2004,2203,3204295,3157301
"Trainer","TC-135",2005,2237,3152730,4744673
"Trainer","TC-135",2006,2944,4182795,9599935
"Trainer","TC-135",2007,2524,3617928,8188365
"Trainer","TC-135",2008,1996,2726305,8596461
"Trainer","TC-135",2009,2212,3071479,6556681
"Trainer","TC-135",2010,2468,3259911,8838367
"Trainer","TC-135",2011,2145,2842836,9699663
"Trainer","TC-135",2012,2550,3407437,11410113
"Trainer","TC-135",2013,2123,2787811,10435897
"Trainer","TC-135",2014,2415,3207399,11622829
"Trainer","TH-1",2008,1199,117632,125222
"Trainer","TH-1",2009,5447,472040,837905
"Trainer","TH-1",2010,6919,594154,1441393
"Trainer","TH-1",2011,7180,580948,1732924
"Trainer","TH-1",2012,7261,602423,1826298
"Trainer","TH-1",2013,9823,819917,2857587
"Trainer","TH-1",2014,9938,844006,2863221
"Trainer","TU-2",1996,946,10932,38623
"Trainer","TU-2",1997,793,108680,115844
"Trainer","TU-2",1998,690,11791,39619
"Trainer","TU-2",1999,804,15780,42744
"Trainer","TU-2",2000,869,10932,38623
"Trainer","TU-2",2001,698,10932,38623
"Trainer","TU-2",2002,691,10932,38623
"Trainer","TU-2",2003,647,248039,607680
"Trainer","TU-2",2004,985,352201,615368
"Trainer","TU-2",2005,1083,371114,1443333
"Trainer","TU-2",2006,950,330063,1283234
"Trainer","TU-2",2007,968,334812,1301755
"Trainer","TU-2",2008,496,282944,1232124
"Trainer","TU-2",2009,811,326645,2074972
"Trainer","TU-2",2010,1094,350406,2228230
"Trainer","TU-2",2011,974,325066,2064745
"Trainer","TU-2",2012,1084,348487,2215853
"Trainer","TU-2",2013,1039,345161,2194400
"Trainer","TU-2",2014,1196,374755,2385281
"Trainer","UV-18",1996,1932,98973,85876
"Trainer","UV-18",1997,1928,108860,93899
"Trainer","UV-18",1998,1959,107982,112064
"Trainer","UV-18",1999,1952,107639,105609
"Trainer","UV-18",2000,1788,123524,94243
"Trainer","UV-18",2001,1934,111742,130353
"Trainer","UV-18",2002,2015,106660,120966
"Trainer","UV-18",2003,2174,128523,127676
"Trainer","UV-18",2004,1609,97300,107079
"Trainer","UV-18",2005,1864,107782,186980
"Trainer","UV-18",2006,2296,144754,379091
"Trainer","UV-18",2007,2106,133688,344206
"Trainer","UV-18",2008,2031,127074,460471
"Trainer","UV-18",2009,1637,98824,247254
"Trainer","UV-18",2010,1902,118401,367186
"Trainer","UV-18",2011,2001,123201,487352
"Trainer","UV-18",2012,2058,124137,490207
"Trainer","UV-18",2013,2071,115108,493645
"Trainer","UV-18",2014,1800,100875,431462
"Transport/Tanker","C-12",1996,4784,350759,425944
"Transport/Tanker","C-12",1997,4725,679954,771683
"Transport/Tanker","C-12",1998,5992,899736,1101655
"Transport/Tanker","C-12",1999,4784,792351,929911
"Transport/Tanker","C-12",2000,4082,840776,800821
"Transport/Tanker","C-12",2001,4308,899515,1156983
"Transport/Tanker","C-12",2002,4133,476572,693260
"Transport/Tanker","C-12",2003,4049,675739,909892
"Transport/Tanker","C-12",2004,4061,644150,888581
"Transport/Tanker","C-12",2005,3972,546249,1184348
"Transport/Tanker","C-12",2006,3634,625468,2026346
"Transport/Tanker","C-12",2007,3233,858790,2558935
"Transport/Tanker","C-12",2008,3833,864403,3572690
"Transport/Tanker","C-12",2009,4642,973130,2686493
"Transport/Tanker","C-12",2010,4275,891738,3049168
"Transport/Tanker","C-12",2011,4099,450856,1994195
"Transport/Tanker","C-12",2012,4173,440990,2020183
"Transport/Tanker","C-12",2013,3932,388555,1983187
"Transport/Tanker","C-12",2014,3342,364760,1806478
"Transport/Tanker","C-130",1996,258281,216031099,155641527
"Transport/Tanker","C-130",1997,244948,192819059,139932606
"Transport/Tanker","C-130",1998,245615,190043861,160694991
"Transport/Tanker","C-130",1999,243563,188817469,147491116
"Transport/Tanker","C-130",2000,229835,185979523,114056464
"Transport/Tanker","C-130",2001,234545,184976018,172395274
"Transport/Tanker","C-130",2002,269958,192481459,178838035
"Transport/Tanker","C-130",2003,296064,226516602,192422695
"Transport/Tanker","C-130",2004,283927,228012374,202185245
"Transport/Tanker","C-130",2005,263928,211799477,295289852
"Transport/Tanker","C-130",2006,238114,191198227,385757371
"Transport/Tanker","C-130",2007,224139,178933337,356985070
"Transport/Tanker","C-130",2008,210850,170629238,477047653
"Transport/Tanker","C-130",2009,202106,162456805,307170958
"Transport/Tanker","C-130",2010,208941,165660723,401755007
"Transport/Tanker","C-130",2011,201293,159378068,471973942
"Transport/Tanker","C-130",2012,182840,141175763,425042767
"Transport/Tanker","C-130",2013,156625,120515703,375727308
"Transport/Tanker","C-130",2014,148183,115024276,341014174
"Transport/Tanker","C-17",1996,13814,-5583797,68805078
"Transport/Tanker","C-17",1997,19378,11178773,83328218
"Transport/Tanker","C-17",1998,35477,46747464,126901439
"Transport/Tanker","C-17",1999,49617,85855716,152405040
"Transport/Tanker","C-17",2000,51199,98196521,133383943
"Transport/Tanker","C-17",2001,74532,158379163,252763031
"Transport/Tanker","C-17",2002,103139,209497593,304535297
"Transport/Tanker","C-17",2003,153408,381286362,412596848
"Transport/Tanker","C-17",2004,149640,387353509,449926473
"Transport/Tanker","C-17",2005,151314,394525474,719723427
"Transport/Tanker","C-17",2006,152003,397743729,1074002976
"Transport/Tanker","C-17",2007,171446,450772638,1184406762
"Transport/Tanker","C-17",2008,180903,481628435,1777378179
"Transport/Tanker","C-17",2009,208107,541301262,1324438573
"Transport/Tanker","C-17",2010,225221,592448328,1835708607
"Transport/Tanker","C-17",2011,213865,550352722,2135092708
"Transport/Tanker","C-17",2012,195464,497283048,2036327584
"Transport/Tanker","C-17",2013,172160,432458268,1927639533
"Transport/Tanker","C-17",2014,175466,428718549,1851971944
"Transport/Tanker","C-20",1996,5619,3411985,3507318
"Transport/Tanker","C-20",1997,5176,3068126,3332172
"Transport/Tanker","C-20",1998,5657,3275602,3996514
"Transport/Tanker","C-20",1999,5603,3573564,4187755
"Transport/Tanker","C-20",2000,4378,3453703,3446408
"Transport/Tanker","C-20",2001,4350,3403448,4658116
"Transport/Tanker","C-20",2002,4237,2244829,3253510
"Transport/Tanker","C-20",2003,3341,2208013,2929485
"Transport/Tanker","C-20",2004,3741,2610353,3543489
"Transport/Tanker","C-20",2005,2898,2124288,4709314
"Transport/Tanker","C-20",2006,3431,2298459,7472546
"Transport/Tanker","C-20",2007,3567,2379895,7533401
"Transport/Tanker","C-20",2008,4180,2722883,11804910
"Transport/Tanker","C-20",2009,3372,2487382,7210134
"Transport/Tanker","C-20",2010,3282,2202104,8884458
"Transport/Tanker","C-20",2011,1925,1391530,7530581
"Transport/Tanker","C-20",2012,2087,1471116,8486344
"Transport/Tanker","C-20",2013,1385,1021124,6818978
"Transport/Tanker","C-20",2014,1807,1178739,7221708
"Transport/Tanker","C-21",1996,37709,6434173,7536536
"Transport/Tanker","C-21",1997,35457,6729460,8071632
"Transport/Tanker","C-21",1998,33909,5961624,8625621
"Transport/Tanker","C-21",1999,34958,6447171,8478040
"Transport/Tanker","C-21",2000,35021,6801335,6943475
"Transport/Tanker","C-21",2001,37532,7492781,11058794
"Transport/Tanker","C-21",2002,38675,5957577,9247582
"Transport/Tanker","C-21",2003,36021,7664434,9627237
"Transport/Tanker","C-21",2004,35462,7455876,10275705
"Transport/Tanker","C-21",2005,35464,7872968,16821251
"Transport/Tanker","C-21",2006,33492,7628832,24440645
"Transport/Tanker","C-21",2007,17453,3886901,15686350
"Transport/Tanker","C-21",2008,13630,2987420,19027407
"Transport/Tanker","C-21",2009,13092,2837235,12568594
"Transport/Tanker","C-21",2010,11696,2606643,15043170
"Transport/Tanker","C-21",2011,11481,2347590,17540591
"Transport/Tanker","C-21",2012,10072,2030646,17127847
"Transport/Tanker","C-21",2013,4546,932253,14054682
"Transport/Tanker","C-21",2014,-1967,-558917,7951137
"Transport/Tanker","C-32",1998,1358,-843495,434102
"Transport/Tanker","C-32",1999,3554,1199371,2349467
"Transport/Tanker","C-32",2000,3981,1449267,2089363
"Transport/Tanker","C-32",2001,3725,1611017,3202227
"Transport/Tanker","C-32",2002,3345,1165346,2646800
"Transport/Tanker","C-32",2003,3994,2657335,3646061
"Transport/Tanker","C-32",2004,4880,3655093,5006516
"Transport/Tanker","C-32",2005,4673,3482726,7988582
"Transport/Tanker","C-32",2006,4488,3332225,11564539
"Transport/Tanker","C-32",2007,4297,3154979,10681383
"Transport/Tanker","C-32",2008,4642,3586663,16577102
"Transport/Tanker","C-32",2009,5153,4163136,12167382
"Transport/Tanker","C-32",2010,5105,4180667,15711859
"Transport/Tanker","C-32",2011,5013,4494871,20798429
"Transport/Tanker","C-32",2012,4663,3991103,18960648
"Transport/Tanker","C-32",2013,4170,3598643,19140256
"Transport/Tanker","C-32",2014,4970,4930653,23812605
"Transport/Tanker","C-37",1999,2513,193335,515347
"Transport/Tanker","C-37",2000,3287,749208,824806
"Transport/Tanker","C-37",2001,4409,1313023,1800018
"Transport/Tanker","C-37",2002,7203,2375560,2878630
"Transport/Tanker","C-37",2003,8329,3448429,3506039
"Transport/Tanker","C-37",2004,9112,3805969,4169791
"Transport/Tanker","C-37",2005,9027,3911083,6869067
"Transport/Tanker","C-37",2006,9535,4039665,10750724
"Transport/Tanker","C-37",2007,8629,3617735,9761954
"Transport/Tanker","C-37",2008,9049,3837277,14159789
"Transport/Tanker","C-37",2009,9040,3876870,9398543
"Transport/Tanker","C-37",2010,8990,3897454,12167168
"Transport/Tanker","C-37",2011,8765,3742769,14372523
"Transport/Tanker","C-37",2012,9577,4096938,16229967
"Transport/Tanker","C-37",2013,8729,3630168,15905719
"Transport/Tanker","C-37",2014,8189,3046883,13142850
"Transport/Tanker","C-38",1998,205,90683,75836
"Transport/Tanker","C-38",1999,892,226132,192146
"Transport/Tanker","C-38",2000,1104,314864,228356
"Transport/Tanker","C-38",2001,1233,340523,355801
"Transport/Tanker","C-38",2002,1202,289225,286367
"Transport/Tanker","C-38",2003,872,259263,224623
"Transport/Tanker","C-38",2004,1150,333301,321434
"Transport/Tanker","C-38",2005,894,262552,384675
"Transport/Tanker","C-38",2006,927,254620,562418
"Transport/Tanker","C-38",2007,973,268456,599707
"Transport/Tanker","C-38",2008,921,253549,784399
"Transport/Tanker","C-38",2009,685,197898,399096
"Transport/Tanker","C-38",2010,741,213650,535212
"Transport/Tanker","C-38",2011,485,156887,483636
"Transport/Tanker","C-38",2012,1006,293945,988176
"Transport/Tanker","C-38",2013,862,263762,943361
"Transport/Tanker","C-38",2014,723,209824,709464
"Transport/Tanker","C-40",2002,1443,-1232368,417679
"Transport/Tanker","C-40",2003,4516,1445289,2906147
"Transport/Tanker","C-40",2004,5528,2131236,3835527
"Transport/Tanker","C-40",2005,6185,2826894,7150185
"Transport/Tanker","C-40",2006,6729,3211536,11670708
"Transport/Tanker","C-40",2007,7869,4446582,14541313
"Transport/Tanker","C-40",2008,8194,4547009,20975252
"Transport/Tanker","C-40",2009,8472,4766657,14474268
"Transport/Tanker","C-40",2010,8411,4673195,18043764
"Transport/Tanker","C-40",2011,8174,4499451,21223476
"Transport/Tanker","C-40",2012,8368,4660884,22378064
"Transport/Tanker","C-40",2013,7319,3777406,20385637
"Transport/Tanker","C-40",2014,8401,4589299,22702525
"Transport/Tanker","C-5",1996,49228,192718094,203144654
"Transport/Tanker","C-5",1997,43793,160785053,183109132
"Transport/Tanker","C-5",1998,46153,153785913,206228031
"Transport/Tanker","C-5",1999,38651,130234681,172606619
"Transport/Tanker","C-5",2000,34320,139569572,141058765
"Transport/Tanker","C-5",2001,40038,140858326,211879709
"Transport/Tanker","C-5",2002,77071,234004121,304687555
"Transport/Tanker","C-5",2003,84887,309484963,330457872
"Transport/Tanker","C-5",2004,55315,205060421,251707356
"Transport/Tanker","C-5",2005,45473,170306004,349309425
"Transport/Tanker","C-5",2006,35320,130670860,434076180
"Transport/Tanker","C-5",2007,25738,96479998,361568922
"Transport/Tanker","C-5",2008,25100,91831612,493098131
"Transport/Tanker","C-5",2009,27823,99622439,355571411
"Transport/Tanker","C-5",2010,29468,107445881,477096038
"Transport/Tanker","C-5",2011,19089,70804487,457526851
"Transport/Tanker","C-5",2012,12561,47087039,389697697
"Transport/Tanker","C-5",2013,7558,29183383,353616962
"Transport/Tanker","C-5",2014,2497,11288528,271624313
"Transport/Tanker","CV-22",2006,-1991,-551762,810370
"Transport/Tanker","CV-22",2007,-830,134787,2327119
"Transport/Tanker","CV-22",2008,-8,516414,4437675
"Transport/Tanker","CV-22",2009,1089,929186,3986173
"Transport/Tanker","CV-22",2010,1219,805696,4548837
"Transport/Tanker","CV-22",2011,2772,1437222,7584823
"Transport/Tanker","CV-22",2012,3408,1495150,8060666
"Transport/Tanker","CV-22",2013,5582,3198328,15263562
"Transport/Tanker","CV-22",2014,6807,3612320,16316815
"Transport/Tanker","HC-130",1996,18640,11023726,8599579
"Transport/Tanker","HC-130",1997,10499,7660244,6092983
"Transport/Tanker","HC-130",1998,9950,7352865,6867282
"Transport/Tanker","HC-130",1999,10510,7947600,6852502
"Transport/Tanker","HC-130",2000,11108,8726125,5874969
"Transport/Tanker","HC-130",2001,10504,8392495,8531221
"Transport/Tanker","HC-130",2002,11209,8383085,8574079
"Transport/Tanker","HC-130",2003,10777,9651649,8300425
"Transport/Tanker","HC-130",2004,12061,9268913,8890258
"Transport/Tanker","HC-130",2005,10739,8646472,13023830
"Transport/Tanker","HC-130",2006,10928,8817904,19173393
"Transport/Tanker","HC-130",2007,11500,9185563,20186369
"Transport/Tanker","HC-130",2008,11282,8901865,26971736
"Transport/Tanker","HC-130",2009,10737,8408683,17480171
"Transport/Tanker","HC-130",2010,11017,8724275,25278646
"Transport/Tanker","HC-130",2011,11444,9128602,33993352
"Transport/Tanker","HC-130",2012,10298,8217670,32668045
"Transport/Tanker","HC-130",2013,8513,6568904,23631463
"Transport/Tanker","HC-130",2014,8676,6386190,21867562
"Transport/Tanker","KC-10",1996,55535,153235816,125496356
"Transport/Tanker","KC-10",1997,53671,138668376,124367158
"Transport/Tanker","KC-10",1998,51922,130948774,136552056
"Transport/Tanker","KC-10",1999,56493,158844546,148787007
"Transport/Tanker","KC-10",2000,51774,137233630,104372473
"Transport/Tanker","KC-10",2001,49090,142376446,159814964
"Transport/Tanker","KC-10",2002,84651,229839698,245926323
"Transport/Tanker","KC-10",2003,66353,201100021,186117444
"Transport/Tanker","KC-10",2004,63876,179609056,179053949
"Transport/Tanker","KC-10",2005,62093,172985211,268724954
"Transport/Tanker","KC-10",2006,64396,179811816,411979652
"Transport/Tanker","KC-10",2007,71386,201051612,454433457
"Transport/Tanker","KC-10",2008,74516,211618433,674993834
"Transport/Tanker","KC-10",2009,74628,211188501,463115311
"Transport/Tanker","KC-10",2010,70680,198084420,538827527
"Transport/Tanker","KC-10",2011,69888,198751268,674590679
"Transport/Tanker","KC-10",2012,64894,182495160,629831831
"Transport/Tanker","KC-10",2013,52269,144481410,538930928
"Transport/Tanker","KC-10",2014,55008,150824220,546621449
"Transport/Tanker","KC-135",1996,193970,328733251,243359348
"Transport/Tanker","KC-135",1997,192991,349478612,262362115
"Transport/Tanker","KC-135",1998,193760,351386360,304031169
"Transport/Tanker","KC-135",1999,195984,365695904,290160595
"Transport/Tanker","KC-135",2000,164516,321905797,200524371
"Transport/Tanker","KC-135",2001,171472,362362817,347761805
"Transport/Tanker","KC-135",2002,226808,409639697,392205897
"Transport/Tanker","KC-135",2003,231630,446950368,366816642
"Transport/Tanker","KC-135",2004,236263,448694605,402514023
"Transport/Tanker","KC-135",2005,227784,427506954,596642595
"Transport/Tanker","KC-135",2006,221229,406573032,835619205
"Transport/Tanker","KC-135",2007,220731,404178760,829038852
"Transport/Tanker","KC-135",2008,220978,400062257,1156570533
"Transport/Tanker","KC-135",2009,211063,385302834,752040293
"Transport/Tanker","KC-135",2010,216686,394073259,968379299
"Transport/Tanker","KC-135",2011,249874,461775827,1449108546
"Transport/Tanker","KC-135",2012,204933,375231362,1177493450
"Transport/Tanker","KC-135",2013,170860,307844789,1016153186
"Transport/Tanker","KC-135",2014,177431,318771245,1026145731
"Transport/Tanker","LC-130",1996,2572,1650704,1962048
"Transport/Tanker","LC-130",1997,3002,1545335,2102887
"Transport/Tanker","LC-130",1998,3737,1434225,2220709
"Transport/Tanker","LC-130",1999,4666,3532891,4391770
"Transport/Tanker","LC-130",2000,4453,3504526,3123986
"Transport/Tanker","LC-130",2001,4668,1106986,2105699
"Transport/Tanker","LC-130",2002,4217,3088236,4018951
"Transport/Tanker","LC-130",2003,4613,1236579,1989947
"Transport/Tanker","LC-130",2004,4820,1226214,2116898
"Transport/Tanker","LC-130",2005,5229,1269225,3581690
"Transport/Tanker","LC-130",2006,5091,1005013,4763549
"Transport/Tanker","LC-130",2007,5217,1468987,5696818
"Transport/Tanker","LC-130",2008,4852,1360009,7826331
"Transport/Tanker","LC-130",2009,4120,1351618,4522809
"Transport/Tanker","LC-130",2010,4437,1247921,5729497
"Transport/Tanker","LC-130",2011,4461,1212010,7018798
"Transport/Tanker","LC-130",2012,4555,1485018,7760662
"Transport/Tanker","LC-130",2013,3671,1010292,6753986
"Transport/Tanker","LC-130",2014,3534,1172240,7193761
"Transport/Tanker","VC-25",1996,652,3086146,2352454
"Transport/Tanker","VC-25",1997,549,2683261,2180915
"Transport/Tanker","VC-25",1998,584,2518768,2289640
"Transport/Tanker","VC-25",1999,723,3056284,2572870
"Transport/Tanker","VC-25",2000,575,2785065,2004505
"Transport/Tanker","VC-25",2001,397,2151893,2076476
"Transport/Tanker","VC-25",2002,601,2733189,2620711
"Transport/Tanker","VC-25",2003,415,2347400,2025230
"Transport/Tanker","VC-25",2004,910,4334762,4153495
"Transport/Tanker","VC-25",2005,720,3513281,5285627
"Transport/Tanker","VC-25",2006,662,3271310,6939776
"Transport/Tanker","VC-25",2007,521,2862692,6104234
"Transport/Tanker","VC-25",2008,559,2940403,9293981
"Transport/Tanker","VC-25",2009,442,2531028,4510779
"Transport/Tanker","VC-25",2010,428,2428672,5871600
"Transport/Tanker","VC-25",2011,499,2704740,8034881
"Transport/Tanker","VC-25",2012,789,3860487,12046443
"Transport/Tanker","VC-25",2013,584,3138486,10780054
"Transport/Tanker","VC-25",2014,388,2269808,7231639
"UAV/Drone","MQ-1",1997,-19354,-46544,12
"UAV/Drone","MQ-1",1998,-17475,-46544,12
"UAV/Drone","MQ-1",1999,-12062,-46544,12
"UAV/Drone","MQ-1",2000,-10100,-18179,37864
"UAV/Drone","MQ-1",2001,-7614,-40209,-1805
"UAV/Drone","MQ-1",2002,9549,221176,267732
"UAV/Drone","MQ-1",2003,8342,-45223,1241
"UAV/Drone","MQ-1",2004,13089,-46544,12
"UAV/Drone","MQ-1",2005,17604,-31866,26758
"UAV/Drone","MQ-1",2006,35236,-32095,35123
"UAV/Drone","MQ-1",2007,57322,-46544,12
"UAV/Drone","MQ-1",2008,127436,-46544,12
"UAV/Drone","MQ-1",2009,167258,-46544,12
"UAV/Drone","MQ-1",2010,181003,-46454,308
"UAV/Drone","MQ-1",2011,217625,-44954,5196
"UAV/Drone","MQ-1",2012,193827,-44397,11027
"UAV/Drone","MQ-1",2013,177046,-40299,94687
"UAV/Drone","MQ-1",2014,172475,-44687,12814
"UAV/Drone","MQ-9",2004,-51593,-50186,24981
"UAV/Drone","MQ-9",2005,-49769,-38255,43116
"UAV/Drone","MQ-9",2006,-48960,-49230,27304
"UAV/Drone","MQ-9",2007,-45234,-20413,88860
"UAV/Drone","MQ-9",2008,-38748,41294,342880
"UAV/Drone","MQ-9",2009,-25900,116248,412717
"UAV/Drone","MQ-9",2010,3897,175324,622302
"UAV/Drone","MQ-9",2011,33541,213102,1010919
"UAV/Drone","MQ-9",2012,64995,389513,1546022
"UAV/Drone","MQ-9",2013,102762,411494,1747047
"UAV/Drone","MQ-9",2014,134058,182113,864972
"UAV/Drone","QF-4",1996,-84,-285520,128595
"UAV/Drone","QF-4",1997,-84,462856,706164
"UAV/Drone","QF-4",1998,-84,1570088,1872006
"UAV/Drone","QF-4",1999,-84,1583481,1697862
"UAV/Drone","QF-4",2000,183,1878765,1473260
"UAV/Drone","QF-4",2001,290,1403906,1875594
"UAV/Drone","QF-4",2002,698,1286702,1735007
"UAV/Drone","QF-4",2003,853,-410453,34835
"UAV/Drone","QF-4",2004,360,-394137,53972
"UAV/Drone","QF-4",2005,-84,-374914,103979
"UAV/Drone","QF-4",2006,90,-271051,371516
"UAV/Drone","QF-4",2007,1136,-336540,226191
"UAV/Drone","QF-4",2008,751,-201338,703726
"UAV/Drone","QF-4",2009,1084,-220073,439086
"UAV/Drone","QF-4",2010,1415,-203311,603787
"UAV/Drone","QF-4",2011,1120,-209330,710970
"UAV/Drone","QF-4",2012,1146,-170508,820553
"UAV/Drone","QF-4",2013,921,-391159,134154
"UAV/Drone","QF-4",2014,749,-402051,84067
"UAV/Drone","RQ-4",2002,2720,-479687,102859
"UAV/Drone","RQ-4",2003,2720,-461102,116654
"UAV/Drone","RQ-4",2004,2720,-417512,158417
"UAV/Drone","RQ-4",2005,2720,-298833,370458
"UAV/Drone","RQ-4",2006,5070,-258115,618752
"UAV/Drone","RQ-4",2007,8023,-46518,1072139
"UAV/Drone","RQ-4",2008,9915,122766,2048490
"UAV/Drone","RQ-4",2009,9995,132259,1432973
"UAV/Drone","RQ-4",2010,11046,240261,2051906
"UAV/Drone","RQ-4",2011,15955,652623,3925475
"UAV/Drone","RQ-4",2012,16219,731713,4280394
"UAV/Drone","RQ-4",2013,20257,1035397,5788905
"UAV/Drone","RQ-4",2014,27097,1635773,7794931
